<?xml version="1.0" encoding="UTF-8" standalone="no"?>
<!DOCTYPE StyleCatalog SYSTEM "styleCatalog.dtd">
<StyleCatalog name="Empty style catalog">
<BeanDefns/><LayoutParserDefns/><TransformDefns/><LayoutSourceDefns/><MapperDefns/><StyleMaps/><Styles><Style name="OrgChart" transform="ReportAjaxMojoVisualizationTransform"><ActualParameters><ActualParameter name="documentStyle" type="1" value="RWGridJsonStyle" /><ActualParameter name="mojoClassName" type="1" value="plugins.OrgChart.OrgChart" /><ActualParameter name="reportXMLStyle" type="1" value="VisualizationDataStyle" /></ActualParameters><Layouts><Layout layout_source="AppLayoutSourceFile" order="1" ><![CDATA[/WEB-INF/xml/layouts/MojoVisualizationLayout.xml]]></Layout></Layouts></Style></Styles></StyleCatalog>