<?xml version="1.0" encoding="UTF-8" standalone="no"?>
<!DOCTYPE StyleCatalog SYSTEM "styleCatalog.dtd">
<StyleCatalog>
    <Styles>
        <Style name="CustomGoogleCharts" description="Google Charts Demo" transform="ReportAjaxMojoVisualizationTransform">
            <ActualParameters>
                <ActualParameter name="documentStyle" type="1" value="RWGridJsonStyle" />
                <ActualParameter name="reportXMLStyle" type="1" value="VisualizationDataStyle" />
                <ActualParameter name="mojoClassName" type="1" value="plugins.CustomGoogleCharts.CustomGoogleCharts"/>
            </ActualParameters>
            <Layouts>
                <Layout layout_source="AppLayoutSourceFile" order="1">
                    <![CDATA[/WEB-INF/xml/layouts/MojoVisualizationLayout.xml]]>
                </Layout>
            </Layouts>
        </Style>
    </Styles>
</StyleCatalog>
